[
  {
    "id": "p1",
    "title": "Premium T-shirt",
    "price": 499,
    "image": "https://via.placeholder.com/600x800?text=T-Shirt"
  },
  {
    "id": "p2",
    "title": "Classic Kurti",
    "price": 699,
    "image": "https://via.placeholder.com/600x800?text=Kurti"
  },
  {
    "id": "p3",
    "title": "Cozy Hoodie",
    "price": 899,
    "image": "https://via.placeholder.com/600x800?text=Hoodie"
  },
  {
    "id": "p4",
    "title": "Silk Saree",
    "price": 2499,
    "image": "https://via.placeholder.com/600x800?text=Saree"
  }
]